SQL> SELECT *
  2  FROM PROFESOR;

       DNI P                                                                    
---------- ------------------------------------------------------------         
       CAR CAT                                                                  
---------- -----                                                                
      1111 JUAN                                                                 
         6 CU                                                                   
                                                                                
      2222 CARLOS                                                               
         7 TU                                                                   
                                                                                
      3333 PEDRO                                                                
         4 TEU                                                                  
                                                                                

       DNI P                                                                    
---------- ------------------------------------------------------------         
       CAR CAT                                                                  
---------- -----                                                                
      4444 MARIA                                                                
         7 TU                                                                   
                                                                                
      5555 IVAN                                                                 
         1 CEU                                                                  
                                                                                
      6666 CARMEN                                                               
         3 CD                                                                   
                                                                                

       DNI P                                                                    
---------- ------------------------------------------------------------         
       CAR CAT                                                                  
---------- -----                                                                
      7777 MARIO                                                                
         2 TU                                                                   
                                                                                
      8888 FRANCISCO                                                            
         5 TU                                                                   
                                                                                
      9999 ANGELA                                                               
         8 TEU                                                                  
                                                                                

       DNI P                                                                    
---------- ------------------------------------------------------------         
       CAR CAT                                                                  
---------- -----                                                                
      1010 DAVID                                                                
         4 TU                                                                   
                                                                                
      2020 SOLEDAD                                                              
         7 CU                                                                   
                                                                                
      3030 JOSE MANUEL                                                          
         6 TEU                                                                  
                                                                                

12 rows selected.

SQL> SET PAGESIZE 250
SQL> SELECT *
  2  FROM PROFESOR;

       DNI P                                                                    
---------- ------------------------------------------------------------         
       CAR CAT                                                                  
---------- -----                                                                
      1111 JUAN                                                                 
         6 CU                                                                   
                                                                                
      2222 CARLOS                                                               
         7 TU                                                                   
                                                                                
      3333 PEDRO                                                                
         4 TEU                                                                  
                                                                                
      4444 MARIA                                                                
         7 TU                                                                   
                                                                                
      5555 IVAN                                                                 
         1 CEU                                                                  
                                                                                
      6666 CARMEN                                                               
         3 CD                                                                   
                                                                                
      7777 MARIO                                                                
         2 TU                                                                   
                                                                                
      8888 FRANCISCO                                                            
         5 TU                                                                   
                                                                                
      9999 ANGELA                                                               
         8 TEU                                                                  
                                                                                
      1010 DAVID                                                                
         4 TU                                                                   
                                                                                
      2020 SOLEDAD                                                              
         7 CU                                                                   
                                                                                
      3030 JOSE MANUEL                                                          
         6 TEU                                                                  
                                                                                

12 rows selected.

SQL> SET LINESIZE 150
SQL> SELECT *
  2  FROM PROFESOR;

       DNI P                                                                   CAR CAT                                                                
---------- ------------------------------------------------------------ ---------- -----                                                              
      1111 JUAN                                                                  6 CU                                                                 
      2222 CARLOS                                                                7 TU                                                                 
      3333 PEDRO                                                                 4 TEU                                                                
      4444 MARIA                                                                 7 TU                                                                 
      5555 IVAN                                                                  1 CEU                                                                
      6666 CARMEN                                                                3 CD                                                                 
      7777 MARIO                                                                 2 TU                                                                 
      8888 FRANCISCO                                                             5 TU                                                                 
      9999 ANGELA                                                                8 TEU                                                                
      1010 DAVID                                                                 4 TU                                                                 
      2020 SOLEDAD                                                               7 CU                                                                 
      3030 JOSE MANUEL                                                           6 TEU                                                                

12 rows selected.

SQL> SPOOL OFF
